Workbook

Sheet OBS & RAW - historical
A1: yr | B1: OBS | C1: ACCESS-CM2 | D1: ACCESS-ESM1-5 | E1: BCC-CSM2-MR | F1: CMCC-CM2-SR5 | G1: CNRM-CM6-1 | H1: CNRM-ESM2-1 | I1: CanESM5 | J1: EC-Earth3 | K1: EC-Earth3-Veg-LR | L1: FGOALS-g3 | M1: GFDL-CM4_gr1 | N1: GFDL-CM4_gr2 | O1: GFDL-ESM4 | P1: GISS-E2-1-G | Q1: HadGEM3-GC31-LL | R1: INM-CM4-8 | S1: INM-CM5-0 | T1: IPSL-CM6A-LR | U1: KACE-1-0-G | V1: KIOST-ESM | W1: MIROC-ES2L | X1: MPI-ESM1-2-HR | Y1: MPI-ESM1-2-LR | Z1: MRI-ESM2-0 | AA1: NESM3 | AB1: NorESM2-LM | AC1: TaiESM1 | AD1: UKESM1-0-LL
A2: 1979 | B2: 9.16 | C2: 1.9194327 | D2: 2.7833465 | E2: 12.703898 | F2: 57.66484 | G2: 2.9612012 | H2: 10.802656 | I2: 2.5536829 | J2: 39.690901 | K2: 3.4963808 | L2: 6.9621064 | M2: 13.470656 | N2: 1.8607655 | O2: 0.50443397 | P2: 0.80735188 | Q2: 0.37918571 | R2: 11.191453 | S2: 30.794047 | T2: 16.342347 | U2: 3.4633629 | V2: 0.94153819 | W2: 1.9697615 | X2: 9.7711016 | Y2: 17.812613 | Z2: 2.5637814 | AA2: 2.1277023 | AB2: 2.0266895 | AC2: 26.396216 | AD2: 0.87469688
A3: 1980 | B3: 45.84 | C3: 6.3186912 | D3: 5.805637 | E3: 2.8052063 | F3: 13.69369 | G3: 1.8908709 | H3: 8.0139301 | I3: 5.5840442 | J3: 11.090572 | K3: 5.9810428 | L3: 4.223557 | M3: 36.478194 | N3: 3.9732915 | O3: 5.2391463 | P3: 1.2543383 | Q3: 0.27473238 | R3: 19.618142 | S3: 7.5678785 | T3: 15.882229 | U3: 3.7813584 | V3: 6.5510558 | W3: 13.851015 | X3: 14.230197 | Y3: 3.2432081 | Z3: 7.5226558 | AA3: 3.638279 | AB3: 1.0625044 | AC3: 18.499262 | AD3: 0.83350876
A4: 1981 | B4: 44.65 | C4: 3.9221404 | D4: 1.9119988 | E4: 5.0644685 | F4: 6.0238835 | G4: 0.46613501 | H4: 2.2384806 | I4: 8.7449291 | J4: 2.5423728 | K4: 30.967761 | L4: 2.8444097 | M4: 3.89743 | N4: 2.7022742 | O4: 6.9244941 | P4: 7.2411389 | Q4: 2.1271466 | R4: 4.0986724 | S4: 22.219644 | T4: 1.2193337 | U4: 2.7238093 | V4: 2.1958161 | W4: 1.7035938 | X4: 36.811508 | Y4: 9.0001825 | Z4: 2.9752221 | AA4: 11.112153 | AB4: 2.1088143 | AC4: 5.7823024 | AD4: 20.453568
A5: 1982 | B5: 78.13 | C5: 4.8786945 | D5: 24.220735 | E5: 0.60927701 | F5: 17.664809 | G5: 5.749789 | H5: 0.4589721 | I5: 5.9706017 | J5: 7.9171656 | K5: 14.947819 | L5: 3.8381911 | M5: 4.5911939 | N5: 0.47045674 | O5: 9.9328677 | P5: 1.6759542 | Q5: 22.656415 | R5: 7.9389361 | S5: 3.0869605 | T5: 37.561665 | U5: 2.70197 | V5: 2.4739308 | W5: 1.5498016 | X5: 21.304614 | Y5: 2.4116463 | Z5: 24.410736 | AA5: 43.878665 | AB5: 19.698547 | AC5: 11.286409 | AD5: 24.063197
A6: 1983 | B6: 95.72 | C6: 14.575978 | D6: 34.473664 | E6: 12.121648 | F6: 5.3358762 | G6: 2.6374961 | H6: 3.5359186 | I6: 3.6241502 | J6: 17.474524 | K6: 17.435433 | L6: 0.72682683 | M6: 6.3386211 | N6: 1.2498638 | O6: 6.0987291 | P6: 1.8024346 | Q6: 1.0473665 | R6: 12.590247 | S6: 4.1317635 | T6: 4.3089666 | U6: 0.61632975 | V6: 29.459438 | W6: 7.6421451 | X6: 5.4548072 | Y6: 34.07701 | Z6: 38.308322 | AA6: 7.8342338 | AB6: 6.5827708 | AC6: 9.3995077 | AD6: 0.50580669
A7: 1984 | B7: 64.5 | C7: 5.1201961 | D7: 12.596849 | E7: 10.70374 | F7: 42.955857 | G7: 12.564725 | H7: 3.5503359 | I7: 3.0008091 | J7: 3.0777541 | K7: 2.7715834 | L7: 0.22348369 | M7: 1.2652419 | N7: 0.757002 | O7: 8.3749659 | P7: 0.094136912 | Q7: 13.1715 | R7: 30.341075 | S7: 20.295659 | T7: 3.7891749 | U7: 2.2640762 | V7: 0.61525139 | W7: 0.25563942 | X7: 2.7334156 | Y7: 48.862393 | Z7: 49.412028 | AA7: 2.680295 | AB7: 0.1466626 | AC7: 27.827799 | AD7: 1.4495494
A8: 1985 | B8: 66.97 | C8: 3.884892 | D8: 1.1177537 | E8: 10.810533 | F8: 5.5208468 | G8: 1.2232347 | H8: 20.032069 | I8: 4.6254194 | J8: 15.991264 | K8: 34.353882 | L8: 5.9267897 | M8: 7.3495226 | N8: 3.2704249 | O8: 16.685949 | P8: 0.87528254 | Q8: 2.8529967 | R8: 16.613422 | S8: 9.9624875 | T8: 12.652108 | U8: 2.7475827 | V8: 11.365624 | W8: 6.637728 | X8: 1.1136323 | Y8: 2.1026757 | Z8: 68.95036 | AA8: 13.489777 | AB8: 2.0602171 | AC8: 8.1412415 | AD8: 2.5926841
A9: 1986 | B9: 48.93 | C9: 8.9767291 | D9: 3.123435 | E9: 2.0692389 | F9: 9.4379781 | G9: 41.362198 | H9: 0.43275287 | I9: 20.949307 | J9: 2.7142235 | K9: 3.5014046 | L9: 2.2531857 | M9: 11.347992 | N9: 2.7941202 | O9: 6.3951398 | P9: 7.0211536 | Q9: 15.509136 | R9: 3.4412303 | S9: 3.0132946 | T9: 1.2691565 | U9: 3.5041819 | V9: 0.37829909 | W9: 8.1278772 | X9: 20.579569 | Y9: 1.6709227 | Z9: 4.787348 | AA9: 4.3745073 | AB9: 2.5914626 | AC9: 11.389364 | AD9: 2.7991333
A10: 1987 | B10: 119.46 | C10: 5.2763286 | D10: 11.321799 | E10: 37.050486 | F10: 58.358505 | G10: 6.6621502 | H10: 1.6815352 | I10: 1.9519769 | J10: 51.246378 | K10: 2.9264225 | L10: 0.96338989 | M10: 25.084407 | N10: 3.8728554 | O10: 43.688417 | P10: 9.4263589 | Q10: 4.354502 | R10: 15.226432 | S10: 6.290247 | T10: 15.443326 | U10: 4.8724716 | V10: 3.9583832 | W10: 1.1288938 | X10: 22.884557 | Y10: 28.049222 | Z10: 15.213376 | AA10: 9.5871142 | AB10: 2.5402059 | AC10: 9.3217452 | AD10: 23.840858
A11: 1988 | B11: 14.51 | C11: 1.731629 | D11: 2.9968811 | E11: 1.276216 | F11: 16.635118 | G11: 13.076222 | H11: 3.1558199 | I11: 2.1567736 | J11: 0.11821209 | K11: 1.6167173 | L11: 16.025908 | M11: 6.5188536 | N11: 1.668418 | O11: 2.0462128 | P11: 0.84321147 | Q11: 2.2720332 | R11: 10.462575 | S11: 7.3529852 | T11: 23.300905 | U11: 4.7873958 | V11: 3.4603441 | W11: 0.50214049 | X11: 1.1636564 | Y11: 2.319756 | Z11: 28.015215 | AA11: 5.9350205 | AB11: 3.5727747 | AC11: 11.801627 | AD11: 2.6262573
A12: 1989 | B12: 38.24 | C12: 14.907223 | D12: 5.2992232 | E12: 10.991411 | F12: 1.2442181 | G12: 13.731568 | H12: 1.2724137 | I12: 5.5002832 | J12: 15.868757 | K12: 13.692268 | L12: 2.1143988 | M12: 3.4515799 | N12: 8.5887459 | O12: 13.781833 | P12: 0.78723563 | Q12: 4.0437218 | R12: 4.0467207 | S12: 5.8646817 | T12: 9.9316563 | U12: 5.0910456 | V12: 3.7390479 | W12: 2.3531479 | X12: 7.1369169 | Y12: 0.46014043 | Z12: 34.978215 | AA12: 7.5937566 | AB12: 7.2859555 | AC12: 42.029756 | AD12: 1.5285387
A13: 1990 | B13: 17.41 | C13: 34.202211 | D13: 1.093598 | E13: 9.6730069 | F13: 4.5843253 | G13: 13.549634 | H13: 4.4320699 | I13: 2.7280436 | J13: 8.0265576 | K13: 5.7581563 | L13: 1.7885412 | M13: 2.112652 | N13: 0.73548584 | O13: 2.6396155 | P13: 15.35568 | Q13: 0.67822143 | R13: 34.803545 | S13: 1.8593226 | T13: 1.0008552 | U13: 5.53467 | V13: 24.357565 | W13: 5.1275286 | X13: 2.4393832 | Y13: 4.2114839 | Z13: 2.7788511 | AA13: 19.78392 | AB13: 14.511037 | AC13: 8.4124789 | AD13: 1.4772578
... A37: 2014 | B37: 14.78 | C37: 4.1914469 | D37: 27.833834 | E37: 4.8561218 | F37: 0.033643771 | G37: 1.9980625 | H37: 0 | I37: 3.0097359 | J37: 25.118517 | K37: 21.838905 | L37: 6.9240867 | M37: 12.076343 | N37: 4.4057317 | O37: 2.1329153 | P37: 38.32832 | Q37: 5.836465 | R37: 7.1785525 | S37: 1.4234376 | T37: 14.333677 | U37: 4.5503072 | V37: 1.2532274 | W37: 1.9290157 | X37: 6.8208303 | Y37: 26.80504 | Z37: 3.6332002 | AA37: 2.1608184 | AB37: 7.7723446 | AC37: 5.9662024 | AD37: 2.0071617

Sheet OBS & BC - historical
A1: yr | B1: OBS | C1: ACCESS-CM2 | D1: ACCESS-ESM1-5 | E1: BCC-CSM2-MR | F1: CMCC-CM2-SR5 | G1: CNRM-CM6-1 | H1: CNRM-ESM2-1 | I1: CanESM5 | J1: EC-Earth3 | K1: EC-Earth3-Veg-LR | L1: FGOALS-g3 | M1: GFDL-CM4_gr1 | N1: GFDL-CM4_gr2 | O1: GFDL-ESM4 | P1: GISS-E2-1-G | Q1: HadGEM3-GC31-LL | R1: INM-CM4-8 | S1: INM-CM5-0 | T1: IPSL-CM6A-LR | U1: KACE-1-0-G | V1: KIOST-ESM | W1: MIROC-ES2L | X1: MPI-ESM1-2-HR | Y1: MPI-ESM1-2-LR | Z1: MRI-ESM2-0 | AA1: NESM3 | AB1: NorESM2-LM | AC1: TaiESM1 | AD1: UKESM1-0-LL
A2: ='OBS & RAW - historical'!A2 -> 1979 | B2: ='OBS & RAW - historical'!B2 -> 9.16 | C2: 16.185154 | D2: 17.54 | E2: 56.016247 | F2: 106.4398 | G2: 37.112513 | H2: 48.942248 | I2: 16.238881 | J2: 70.149707 | K2: 17.54 | L2: 64.87 | M2: 49.346261 | N2: 22.775021 | O2: 14.516206 | P2: 17.54 | Q2: 14.739015 | R2: 47.6171 | S2: 75.140465 | T2: 56.06026 | U2: 34.773802 | V2: 14.454174 | W2: 27.550597 | X2: 34.649307 | Y2: 56.889463 | Z2: 17.54 | AA2: 14.583392 | AB2: 16.311537 | AC2: 95.052475 | AD2: 17.181702
A3: ='OBS & RAW - historical'!A3 -> 1980 | B3: ='OBS & RAW - historical'!B3 -> 45.84 | C3: 31.654471 | D3: 30.874773 | E3: 20.416407 | F3: 49.234138 | G3: 28.25 | H3: 38.24 | I3: 37.174629 | J3: 37.194311 | K3: 25.50254 | L3: 44.356026 | M3: 95.310335 | N3: 43.849237 | O3: 30.787608 | P3: 23.108114 | Q3: 14.405132 | R3: 66.879551 | S3: 44.236142 | T3: 49.442218 | U3: 37.269787 | V3: 55.980513 | W3: 95.749105 | X3: 45.564974 | Y3: 28.066522 | Z3: 31.65842 | AA3: 19.98449 | AB3: 14.43774 | AC3: 66.884876 | AD3: 14.945628
A4: ='OBS & RAW - historical'!A4 -> 1981 | B4: ='OBS & RAW - historical'!B4 -> 44.65 | C4: 19.861546 | D4: 17.184061 | E4: 25.512855 | F4: 31.900656 | G4: 14.921274 | H4: 20.399392 | I4: 49.418677 | J4: 17.54 | K4: 68.229457 | L4: 31.191473 | M4: 20.416468 | N4: 28.034816 | O4: 36.484523 | P4: 66.662032 | Q4: 28.25 | R4: 22.924912 | S4: 64.87 | T4: 13.679089 | U4: 27.878324 | V4: 20.420769 | W4: 21.00749 | X4: 78.00264 | Y4: 44.887832 | Z4: 20.409081 | AA4: 48.868935 | AB4: 17.54 | AC4: 20.416457 | AD4: 67.450033
A5: ='OBS & RAW - historical'!A5 -> 1982 | B5: ='OBS & RAW - historical'!B5 -> 78.13 | C5: 25.660362 | D5: 63.525413 | E5: 13.608465 | F5: 63.173402 | G5: 47.575557 | H5: 14.772848 | I5: 38.24 | J5: 28.25 | K5: 45.817105 | L5: 37.432151 | M5: 22.994949 | N5: 13.23575 | O5: 43.99125 | P5: 31.12042 | Q5: 103.3419 | R5: 36.747457 | S5: 17.219235 | T5: 119.46 | U5: 26.022484 | V5: 23.291483 | W5: 19.958642 | X5: 63.345304 | Y5: 25.489989 | Z5: 62.691245 | AA5: 104.38898 | AB5: 66.952248 | AC5: 44.59934 | AD5: 102.21628
A6: ='OBS & RAW - historical'!A6 -> 1983 | B6: ='OBS & RAW - historical'!B6 -> 95.72 | C6: 63.99352 | D6: 78.625079 | E6: 48.787071 | F6: 31.04597 | G6: 34.605432 | H6: 23.288446 | I6: 21.407392 | J6: 63.275133 | K6: 47.757643 | L6: 14.937034 | M6: 28.25 | N6: 17.236733 | O6: 31.701216 | P6: 31.8363 | Q6: 20.018371 | R6: 56.096143 | S6: 22.55503 | T6: 28.25 | U6: 13.722717 | V6: 97.769004 | W6: 66.956005 | X6: 21.301122 | Y6: 95.463523 | Z6: 67.711815 | AA6: 32.062304 | AB6: 34.341836 | AC6: 37.122387 | AD6: 14.510957
A7: ='OBS & RAW - historical'!A7 -> 1984 | B7: ='OBS & RAW - historical'!B7 -> 64.5 | C7: 27.952944 | D7: 38.24 | E7: 37.408935 | F7: 79.482738 | G7: 66.055056 | H7: 25.543689 | I7: 20.262535 | J7: 20.420722 | K7: 16.428754 | L7: 9.16 | M7: 16.179591 | N7: 14.516282 | O7: 37.350531 | P7: 13.004467 | Q7: 66.953483 | R7: 79.125145 | S7: 59.221177 | T7: 23.164939 | U7: 20.426506 | V7: 13.270951 | W7: 9.16 | X7: 17.54 | Y7: 119.46 | Z7: 94.88715 | AA7: 16.414059 | AB7: 9.16 | AC7: 102.51323 | AD7: 25.735164
A8: ='OBS & RAW - historical'!A8 -> 1985 | B8: ='OBS & RAW - historical'!B8 -> 66.97 | C8: 17.54 | D8: 14.721351 | E8: 38.24 | F8: 31.651096 | G8: 20.422795 | H8: 79.421061 | I8: 31.689418 | J8: 56.024117 | K8: 77.684412 | L8: 49.705058 | M8: 32.524243 | N8: 32.211813 | O8: 64.87 | P8: 20.373992 | Q8: 31.689513 | R8: 64.87 | S8: 47.650971 | T8: 38.24 | U8: 28.25 | V8: 64.87 | W8: 64.87 | X8: 14.485633 | Y8: 20.410733 | Z8: 119.46 | AA8: 56.904198 | AB8: 17.280051 | AC8: 31.128783 | AD8: 38.24
A9: ='OBS & RAW - historical'!A9 -> 1986 | B9: ='OBS & RAW - historical'!B9 -> 48.93 | C9: 37.298901 | D9: 20.994995 | E9: 17.54 | F9: 38.24 | G9: 119.46 | H9: 14.573236 | I9: 95.464544 | J9: 19.913644 | K9: 19.781088 | L9: 26.118136 | M9: 45.836146 | N9: 28.25 | O9: 34.302005 | P9: 64.87 | Q9: 67.772541 | R9: 17.392062 | S9: 16.474442 | T9: 14.410891 | U9: 36.472643 | V9: 9.16 | W9: 67.577361 | X9: 56.395793 | Y9: 17.54 | Z9: 25.822443 | AA9: 20.420454 | AB9: 22.562127 | AC9: 45.736805 | AD9: 45.71262
A10: ='OBS & RAW - historical'!A10 -> 1987 | B10: ='OBS & RAW - historical'!B10 -> 119.46 | C10: 28.25 | D10: 37.210789 | E10: 68.451329 | F10: 119.46 | G10: 56.076054 | H10: 17.54 | I10: 13.639818 | J10: 119.46 | K10: 17.217463 | L10: 17.305372 | M10: 66.882451 | N10: 38.24 | O10: 119.46 | P10: 68.718911 | Q10: 44.121868 | R10: 64.008883 | S10: 31.846542 | T10: 47.538199 | U10: 66.921572 | V10: 31.623311 | W10: 16.205212 | X10: 64.87 | Y10: 76.744931 | Z10: 37.281455 | AA10: 37.37848 | AB10: 21.391496 | AC10: 36.475875 | AD10: 80.152471
A11: ='OBS & RAW - historical'!A11 -> 1988 | B11: ='OBS & RAW - historical'!B11 -> 14.51 | C11: 14.933101 | D11: 20.401604 | E11: 16.234708 | F11: 57.041327 | G11: 66.942941 | H11: 21.266889 | I11: 14.516766 | J11: 9.16 | K11: 14.529914 | L11: 95.032058 | M11: 30.853863 | N11: 20.265751 | O11: 20.102037 | P11: 20.012883 | Q11: 30.804406 | R11: 45.900727 | S11: 38.24 | T11: 65.877372 | U11: 65.976083 | V11: 28.044507 | W11: 13.222183 | X11: 14.546386 | Y11: 21.323569 | Z11: 64.87 | AA11: 25.736992 | AB11: 28.050198 | AC11: 47.545571 | AD11: 43.698234
A12: ='OBS & RAW - historical'!A12 -> 1989 | B12: ='OBS & RAW - historical'!B12 -> 38.24 | C12: 64.87 | D12: 28.041151 | E12: 43.696432 | F12: 16.3033 | G12: 94.886748 | H12: 17.338714 | I12: 36.577055 | J12: 49.779902 | K12: 44.048401 | L12: 22.628778 | M12: 20.108113 | N12: 67.825359 | O12: 49.738231 | P12: 16.216387 | Q12: 37.327001 | R12: 20.422604 | S12: 30.972785 | T12: 37.11524 | U12: 78.981488 | V12: 28.25 | W12: 28.25 | X12: 30.778095 | Y12: 13.439083 | Z12: 66.96085 | AA12: 31.257448 | AB12: 36.539226 | AC12: 119.46 | AD12: 30.823302
A13: ='OBS & RAW - historical'!A13 -> 1990 | B13: ='OBS & RAW - historical'!B13 -> 17.41 | C13: 119.46 | D13: 14.543744 | E13: 36.466476 | F13: 25.548114 | G13: 76.945575 | H13: 31.659241 | I13: 17.366483 | J13: 30.87606 | K13: 21.534769 | L13: 20.418224 | M13: 17.376327 | N13: 14.48758 | O13: 22.64245 | P13: 102.58287 | Q13: 17.260237 | R13: 98.397814 | S13: 14.48417 | T13: 9.16 | U13: 119.46 | V13: 69.522657 | W13: 58.397359 | X13: 17.379108 | Y13: 31.69817 | Z13: 20.010263 | AA13: 66.890222 | AB13: 47.896839 | AC13: 31.684381 | AD13: 28.074964
... A37: ='OBS & RAW - historical'!A37 -> 2014 | B37: ='OBS & RAW - historical'!B37 -> 14.78 | C37: 21.018774 | D37: 65.762182 | E37: 23.261413 | F37: 9.16 | G37: 31.61067 | H37: 12.964625 | I37: 20.350768 | J37: 65.930818 | K37: 56.956678 | L37: 64.487526 | M37: 47.564485 | N37: 47.552054 | O37: 20.387355 | P37: 119.46 | Q37: 48.009083 | R37: 34.599065 | S37: 13.115394 | T37: 44.324137 | U37: 63.639258 | V37: 14.536694 | W37: 23.245965 | X37: 28.25 | Y37: 68.907478 | Z37: 22.783324 | AA37: 14.73544 | AB37: 38.24 | AC37: 21.306658 | AD37: 34.616895
